FID,geography_type,geography_id,geography_desc,submission_cycle,population,pop_density,subscription_ratio,res_concxns_choro,cumm_prov_c_0,cumm_prov_c_1,cumm_prov_c_2,cumm_prov_c_3,cumm_prov_c_4,cumm_prov_c_5,cumm_prov_c_6,cumm_prov_c_7,cumm_prov_c_8,cumm_prov_c_50th,dsgteq25,mcds_prop,mcds_tier,mcus_prop,mcus_tier,pctds0_hi,pctdsgt0kandlt1000k_hi,pctdsgt1000kandlt3000k_hi,pctdsgt3000kandlt4000k_hi,pctdsgt4000kandlt6000k_hi,pctdsgt6000kandlt10000k_hi,pctdsgt10000kandlt15000k_hi,pctdsgt15000kandlt25000k_hi,pctdsgt25000kandlt50000k_hi,pctdsgt50000kandlt100000k_hi,pctdsgt100000kandlt1gig_hi,pctdsgt1gig_hi,pctpopwbbacc,pctpopwobbacc,pctus0_hi,pctusgt0kandlt1000k_hi,pctusgt100000kandlt1gig_hi,pctusgt10000kandlt15000k_hi,pctusgt1000kandlt3000k_hi,pctusgt15000kandlt25000k_hi,pctusgt1gig_hi,pctusgt25000kandlt50000k_hi,pctusgt3000kandlt4000k_hi,pctusgt4000kandlt6000k_hi,pctusgt50000kandlt100000k_hi,pctusgt6000kandlt10000k_hi,provcount_b,provcount_c,usgteq3,bpr_ruralpctwaccess,ul_tiers,dl_tiers,dentist_total,smoking_pct,preventable_hospital_stays_per_100000,physical_inactivity,female_pct,poor_physical_health_days_within_last_30_days,drinking_pct,mhp_total,severe_housing_problems,some_college,age_over_65_pct,poor_fair_health_pct,pcp_total,injury_deaths_per_100000,years_lost_per_100000,unemployment,adult_obesity_pct,diabetes_pct,pcp_rate_per_100000,dentist_rate_per_100000,mhp_rate_per_100000,poor_fair_health_total,adult_obesity_total,female_total,male_pct,male_total,mhp_total_norm,medianhhinc,povpct,nchs_rural,nchs_urbanruralcode,omb_rural,rucc_metrononmetro,usac_rural,usac_rural_cat,rural_total,rucc_2013,rural_pct,urban_total,urban_pct,ers_pers_pov,ers_pers_rel_child_pov,alldrugs_age_adj_mortality_rate,anyopioids_age_adj_mortality_rate,syntheticopioids_age_adj_mortality_rate,prescriptionopioids_age_adj_mortality_rate,heroin_age_adj_mortality_rate,opioid_prescribing_rate,alldrugs_age_adj_mortality_rate_pct_change,anyopioids_age_adj_mortality_rate_pct_change,syntheticopioids_age_adj_mortality_rate_pct_change,prescriptionopioids_age_adj_mortality_rate_pct_change,heroin_age_adj_mortality_rate_pct_change,opioid_prescribing_rate_pct_change,alldrugs_age_adj_mortality_rate_norm,anyopioids_age_adj_mortality_rate_norm,syntheticopioids_age_adj_mortality_rate_norm,prescriptionopioids_age_adj_mortality_rate_norm,heroin_age_adj_mortality_rate_norm,opioid_prescribing_rate_norm,alldrugs_age_adj_mortality_rate_pct_change_norm,anyopioids_age_adj_mortality_rate_pct_change_norm,syntheticopioids_age_adj_mortality_rate_pct_change_norm,prescriptionopioids_age_adj_mortality_rate_pct_change_norm,heroin_age_adj_mortality_rate_pct_change_norm,opioid_prescribing_rate_pct_change_norm
Connect2Health_2023_state.fid-1c4f9cde_18cec2a6f0d_-74da,state,1,Alabama,2023-03,4903185,96.8,75,4,13.1,42.9,86.1,97.3,99.7,100,100,100,100,2,88.7,43.1,pctdsgt1gig_hi,28.7,pctusgt25000kandlt50000k_hi,2.9,0.1,0.6,0.4,0.4,0.7,3.4,2.7,3,2.4,40.2,43.1,86.9,13.1,2.9,3,1.8,3.5,5.6,8.2,28,28.7,0.3,2.7,15.1,0.1,38,42,88.5,71.3,8,11,2446,20,5466,29.3,51.7,4.42,14.9,5310,13.9,60.7,17.3,21.4,3187,84.46,9819.89,3,36.1,14.5,65,49.89,108.3,1048095,1770050,2533668,48.3,2369517,0.02612,51771,15.6,,,,,,,2024944,,41.3,2878241,58.7,,,16.5,7.9,3.5,3,2.8,80.4,29.9,92.7,483.3,15.4,180,-6.3,0.20642,0.12183,0.0922,0.07586,0.17557,1,0.23051,0.42232,0.20093,0.34669,0.43369,0.84242
Connect2Health_2023_state.fid-1c4f9cde_18cec2a6f0d_-74d9,state,2,Alaska,2023-03,731545,1.28,80,5,15.2,37.9,83.2,100,100,100,100,100,100,2,84.8,74.9,pctdsgt1gig_hi,71.6,pctusgt50000kandlt100000k_hi,2.2,0,2.4,0.3,1.2,3.5,4.6,1.1,4.9,0.8,4.2,74.9,84.8,15.2,2.2,2.4,7.2,0.9,8.4,3.1,0,0.6,2.1,1.5,71.6,0,18,17,87,62.6,9,11,748,18.5,2693,19.3,47.9,4.06,17.6,3655,20.5,65.4,12.5,15.6,690,97.07,7979.48,6.1,31.9,8.3,94.32,102.25,499.63,113872,233363,350127,52.1,381418,0.01478,77203,10.2,,,,,,,262036,,35.8,469509,64.2,,,17.1,11.5,2.7,6.5,5.1,36.1,14.8,19.8,107.7,-3,121.7,-7.7,0.22018,0.2132,0.06383,0.31724,0.35115,0.16573,0.15163,0.16911,0.04959,0.24067,0.3186,0.74563
Connect2Health_2023_state.fid-1c4f9cde_18cec2a6f0d_-74d8,state,4,Arizona,2023-03,7278717,64.08,85,5,9,28.9,79.9,90.6,99.2,100,100,100,100,2,91.5,74,pctdsgt1gig_hi,60.5,pctusgt25000kandlt50000k_hi,1.5,0,0,0.1,0.3,1.1,0.8,4.8,1.4,3.8,12.4,74,91,9,1.5,0.3,0.5,6.5,6,1.6,11.7,60.5,0.4,1.2,9.4,0.4,50,43,92.3,56.7,8,11,4588,14.5,2952,21.2,50.3,4.19,18.1,10204,18,63.8,18,18.6,4708,85.79,7101.69,4.7,27.9,9.6,64.68,63.03,140.19,1355532,2030762,3661420,49.7,3617297,0.05963,62027,13.5,,,,,,,922084,,12.7,6356633,87.3,,,22.5,13.9,5.3,5.4,4.5,40.5,26.4,58,562.5,-1.8,114.3,-8.2,0.34404,0.27411,0.15603,0.24138,0.30534,0.24859,0.21221,0.30168,0.23283,0.2474,0.30387,0.71119
Connect2Health_2023_state.fid-1c4f9cde_18cec2a6f0d_-74d7,state,5,Arkansas,2023-03,3017804,57.99,67,4,21.5,71.5,96.3,99.9,100,100,100,100,100,1,80.9,41,pctdsgt1gig_hi,25.9,pctusgt25000kandlt50000k_hi,3.4,0.2,0.8,0.8,0.5,0.8,5.5,7.2,4.8,10.7,24.4,41,78.5,21.5,3.4,4.4,5,4.6,12.1,7.4,16.4,25.9,6,3.5,9.5,1.8,46,43,80.1,59.4,8,11,1435,23.7,4769,30.4,50.9,4.82,17.3,7133,14.1,58.5,17.4,23.3,2000,82.55,9337.34,3.5,35,13.5,66.27,47.55,236.36,702297,1056231,1536188,49.1,1481616,0.0386,49020,16,,,,,,,1342675,,44.5,1675129,55.5,,,14.5,6.8,2.5,4.5,0.7,75.8,16.9,9.7,108.3,-11.8,250,-6.3,0.16055,0.09391,0.05674,0.17931,0.01527,0.91337,0.16293,0.13397,0.04985,0.18999,0.57198,0.84169
Connect2Health_2023_state.fid-1c4f9cde_18cec2a6f0d_-74d6,state,6,California,2023-03,39512223,253.64,89,5,1.6,16.8,58.4,81.8,95.5,99.5,100,100,100,2,98.5,67.1,pctdsgt100000kandlt1gig_hi,44.2,pctusgt25000kandlt50000k_hi,0.7,0,0.1,0,0,0.1,0.2,0.4,2,1,67.1,28.4,98.4,1.6,0.7,0.2,26.1,1.7,0.4,1,20.6,44.2,0.2,0.6,3.4,0.9,114,111,98.7,82.3,8,10,34385,11.5,3358,17.7,50.3,3.86,18.1,147533,26.4,65.7,14.8,17.6,31557,51.78,5253.06,4,24.3,8.8,79.87,87.02,373.39,6959513,9601470,19867369,49.7,19644854,1,80423,11.8,,,,,,,2415048,,6.1,37097175,93.9,,,12.4,5.8,1.8,2.7,1.8,28.5,14.8,20.8,260,-20.6,63.6,-7.8,0.11239,0.06853,0.03191,0.05517,0.09924,0.0226,0.15189,0.17273,0.11095,0.13906,0.20381,0.73901
Connect2Health_2023_state.fid-1c4f9cde_18cec2a6f0d_-74d5,state,12,Florida,2023-03,21477737,400.51,94,5,3.8,21.1,73.1,97.2,99.8,100,100,100,100,2,96.8,63.9,pctdsgt100000kandlt1gig_hi,35.3,pctusgt100000kandlt1gig_hi,1.6,0,0.1,0.1,0,0.3,0.6,0.5,0.7,0.8,63.9,31.3,96.2,3.8,1.6,0.9,35.3,1.3,1.3,0.9,22.2,32.2,0,0.4,3.7,0.2,64,40,96.2,77.8,10,10,13053,14.9,4684,25.8,51.1,4.01,19.7,36301,19.5,63.1,20.9,19.5,15382,82.21,7187.87,3.1,27.2,10.8,71.62,60.77,169.02,4190642,5841944,10980681,48.9,10497056,0.23833,59198,12.7,,,,,,,2168495,,10.1,19309242,89.9,,,22.7,15,9.6,5.6,3.5,43.4,61,97.4,860,-9.7,337.5,-4.4,0.34862,0.30203,0.30851,0.25517,0.22901,0.3032,0.39222,0.4386,0.35269,0.20204,0.74483,0.97496
Connect2Health_2023_state.fid-1c4f9cde_18cec2a6f0d_-74d4,state,13,Georgia,2023-03,10617423,184.55,84,5,6.6,28.2,85.7,98.9,100,100,100,100,100,2,94.1,53.9,pctdsgt1gig_hi,44.8,pctusgt1gig_hi,2.3,0,0.1,0.2,0.2,0.5,1.6,1,1.4,1.2,37.5,53.9,93.4,6.6,2.3,1.3,3.7,3.5,2.9,2.2,44.8,28.8,0,0.8,8.7,1.2,70,66,93.6,79.8,11,11,5528,16.3,4835,26.4,51.4,3.95,16.8,15371,16.3,63.6,14.3,18.4,6974,66.41,7616.11,3.4,32.3,12,65.68,52.07,144.77,1955201,3429428,5456999,48.6,5160424,0.09501,61950,13.5,,,,,,,2620738,,24.7,7996685,75.3,,,13.4,8.7,3.4,4.7,2.6,53.9,22.9,52.6,240,9.3,333.3,-6.9,0.13532,0.14213,0.08865,0.1931,0.16031,0.50094,0.19416,0.28319,0.10289,0.31159,0.7366,0.79927
Connect2Health_2023_state.fid-1c4f9cde_18cec2a6f0d_-74d3,state,15,Hawaii,2023-03,1415872,220.45,101,,3.2,45.8,98.4,100,100,100,100,100,100,2,96.8,53.8,pctdsgt1gig_hi,53.9,pctusgt100000kandlt1gig_hi,1.8,0,0,0,0,1,0.2,0.3,0.4,0,42.7,53.8,96.8,3.2,1.8,0,53.9,0,1.3,0.1,0,42.3,0.1,0.4,0,0,12,5,96.9,79,10,11,1275,14.4,2104,19.6,50,3.22,23,3693,26.7,68.9,19,15.4,1260,60.39,5865.43,2.7,24.6,11.1,88.99,90.05,260.83,218417,348305,707832,50,708040,0.01504,83734,9,,,,,,,133503,,9.4,1282369,90.6,,,13.6,4.1,0.9,2.6,1.1,27.3,21.4,-12.8,80,-27.8,120,-9.9,0.13991,0.02538,0,0.04828,0.0458,0,0.18631,0.05601,0.03843,0.09756,0.31516,0.58922
Connect2Health_2023_state.fid-1c4f9cde_18cec2a6f0d_-74d2,state,16,Idaho,2023-03,1787065,21.62,82,5,6.1,23.2,51.2,85.3,98.2,100,100,100,100,2,94.4,64.5,pctdsgt1gig_hi,51.5,pctusgt50000kandlt100000k_hi,1.8,0,0.1,0.1,0.2,0.2,1.9,1.3,12.9,4.6,12.5,64.5,93.9,6.1,1.8,0.3,1.6,5.3,1.2,5,13,10.5,0.8,7.9,51.5,1.2,41,49,96.7,82.9,9,11,1187,15,2469,20.4,49.9,3.74,17.1,3892,14.4,64.6,16.3,15.1,1148,76.03,6169.43,2.9,29,9.3,64.24,66.42,217.79,269951,518249,891137,50.1,895928,0.01641,60830,11,,,,,,,567860,,31.8,1219205,68.2,,,14.7,6.9,1.5,4.3,1.7,49.9,15.7,43.8,87.5,16.2,466.7,-6.6,0.16514,0.09645,0.02128,0.16552,0.0916,0.42561,0.15675,0.25234,0.04145,0.35149,1,0.82412
Connect2Health_2023_state.fid-1c4f9cde_18cec2a6f0d_-74d1,state,17,Illinois,2023-03,12671821,228.24,81,5,2.8,17.2,69.2,97,99.9,100,100,100,100,2,97.5,57.9,pctdsgt100000kandlt1gig_hi,55.7,pctusgt25000kandlt50000k_hi,0.4,0,0.1,0,0.1,0.2,0.8,0.9,3.1,1.2,57.9,35.4,97.2,2.8,0.4,0.2,4.6,2.4,1.1,1.2,14.4,55.7,0.4,2.4,16.4,0.7,90,101,98.2,82.4,8,10,10201,15.9,4913,21.6,50.9,3.58,21.5,31083,16.9,69.6,16.1,15.9,10265,65.14,6647.08,4,29.7,9.9,81.01,80.5,245.29,2017872,3763531,6445263,49.1,6226558,0.2026,69212,11.4,,,,,,,1465763,,11.6,11206058,88.4,,,19.5,15.6,9,3.9,8,40.2,66.7,92.6,1025,85.7,175.9,-6.7,0.27523,0.31726,0.28723,0.13793,0.57252,0.24294,0.42175,0.42201,0.41916,0.75263,0.42552,0.8119
Connect2Health_2023_state.fid-1c4f9cde_18cec2a6f0d_-74d0,state,18,Indiana,2023-03,6732219,187.9,79,4,4.7,21.7,56.6,92.4,99.7,100,100,100,100,2,95.8,53.3,pctdsgt100000kandlt1gig_hi,42.1,pctusgt25000kandlt50000k_hi,0.7,0,0.1,0.1,0.2,0.3,1.9,0.9,5.4,3.2,53.3,34,95.3,4.7,0.7,0.4,17.1,4.4,2.4,3.1,17.4,42.1,0.5,3.6,7,1.2,79,77,96.5,84.7,8,10,3843,21.7,4795,26.7,50.7,3.95,18.6,11330,12.9,62.8,16.1,18.2,4467,79.79,8251.6,3.3,33.9,12.1,66.35,57.08,168.3,1224605,2282222,3411859,49.3,3320360,0.06734,57617,11.9,,,,,,,1860242,,27.6,4871977,72.4,,,25,15.5,8.7,5,4.8,56.9,55.3,167.2,987.5,78.6,166.7,-5.8,0.40138,0.31472,0.2766,0.21379,0.32824,0.55744,0.36248,0.68133,0.40405,0.7114,0.40735,0.87744
Connect2Health_2023_state.fid-1c4f9cde_18cec2a6f0d_-74cf,state,8,Colorado,2023-03,5758736,55.56,91,5,5.6,23.5,71,96.1,99.7,100,100,100,100,2,94.8,66.3,pctdsgt100000kandlt1gig_hi,54.6,pctusgt25000kandlt50000k_hi,1.8,0,0.1,0.1,0.1,0.1,0.8,2.1,1.3,4.4,66.3,22.8,94.4,5.6,1.8,0.5,3.6,1.7,0.8,3.8,22.5,54.6,0.3,1,9.2,0.3,63,74,96.9,78.2,8,10,4720,14.7,2617,14.8,49.6,3.29,21.3,21420,16.4,72.1,14.6,13.8,4702,79.9,5943.02,2.8,22.4,6.6,81.65,81.96,371.96,793887,1289957,2857388,50.4,2901348,0.13643,77104,9.4,,,,,,,923626,,16,4835110,84,,,16.9,9.7,2.2,4.7,3.7,37.5,11.2,24.4,69.2,2.2,94.7,-6.3,0.2156,0.16751,0.0461,0.1931,0.24427,0.19209,0.133,0.18498,0.03409,0.27044,0.26525,0.84548
Connect2Health_2023_state.fid-1c4f9cde_18cec2a6f0d_-74ce,state,19,Iowa,2023-03,3155070,56.48,77,4,6,38.6,85.4,97.8,99.8,100,100,100,100,2,94.4,76,pctdsgt1gig_hi,52.4,pctusgt50000kandlt100000k_hi,0.9,0,0.9,0.1,0.2,0.4,1.2,1.9,4.1,2.9,11.3,76,94,6,0.9,0.2,13.4,3.9,3.2,1.7,13.8,3.5,1.4,3.6,52.4,2.1,91,172,95.6,86.2,9,11,2173,17.4,3536,22.6,50.2,3.06,25.8,5197,11.9,70.4,17.5,13.5,2326,68.09,6232.21,2.7,34.3,9.9,73.72,68.87,164.72,424747,1082189,1583995,49.8,1571075,0.02534,61807,11,,,,,,,1145601,,36.3,2009469,63.7,,,10.7,5.8,2.6,2.7,1.6,40.2,23,1.8,116.7,-30.8,128.6,-6.5,0.07339,0.06853,0.06028,0.05517,0.08397,0.24294,0.19443,0.10645,0.0532,0.0803,0.33209,0.82712
Connect2Health_2023_state.fid-1c4f9cde_18cec2a6f0d_-74cd,state,9,Connecticut,2023-03,3565287,736.27,91,5,0.6,21.7,94.5,100,100,100,100,100,100,2,99.6,82.4,pctdsgt100000kandlt1gig_hi,78.9,pctusgt25000kandlt50000k_hi,0.3,0,0,0,0,0,0,0.1,0.2,0.1,82.4,16.9,99.4,0.6,0.3,0,8.9,2.6,0.3,3.5,5.3,78.9,0.1,0.1,0,0.1,24,13,99.4,99.5,8,10,3129,12.5,4040,19.9,51.2,3.3,20.5,14735,17.8,69.2,17.7,13,3019,71.76,5748.12,3.7,26.3,9.2,84.68,87.76,413.29,463181,937670,1825870,48.8,1739417,0.09066,78920,9.9,,,,,,,432850,,12.1,3132437,87.9,,,29.1,26.1,18.2,7.1,11.3,37,117.2,186.8,1554.5,121.9,145.7,-8.6,0.49541,0.58376,0.61348,0.35862,0.82443,0.18267,0.68455,0.74932,0.63251,0.96135,0.36584,0.67759
Connect2Health_2023_state.fid-1c4f9cde_18cec2a6f0d_-74cc,state,20,Kansas,2023-03,2913314,35.63,80,5,4.8,28.2,60.6,80.6,95.5,99.5,100,100,100,2,95.6,72.2,pctdsgt1gig_hi,36.2,pctusgt1gig_hi,0.4,0,0.2,0,0.1,0.4,1.6,1.7,8.3,4.2,10.9,72.2,95.2,4.8,0.4,0.1,2.7,5.4,1.5,6,36.2,34.9,1.4,5.7,1.9,3.7,65,76,98,85.4,11,11,1754,17.9,3959,23.9,50.2,3.62,18.2,5960,12.9,70.2,16.3,16.3,2279,75.96,7078.55,3.2,33,10.5,78.23,60.21,204.58,474179,961394,1461617,49.8,1451697,0.03057,62028,11.3,,,,,,,755429,,25.9,2157885,74.1,,,12.3,5.6,1.6,3.2,1.1,59.8,11.8,7.7,33.3,-15.8,175,-6.1,0.11009,0.06345,0.02482,0.08966,0.0458,0.61205,0.1363,0.12708,0.01963,0.16676,0.42381,0.85444
Connect2Health_2023_state.fid-1c4f9cde_18cec2a6f0d_-74cb,state,21,Kentucky,2023-03,4467673,113.14,80,4,6.2,36.7,83.8,99.4,100,100,100,100,100,2,95,48.4,pctdsgt100000kandlt1gig_hi,34.7,pctusgt25000kandlt50000k_hi,0.6,0,0,0,0.2,0.3,3.1,0.7,3.4,1.1,48.4,42.2,93.8,6.2,0.6,0.3,20.1,3.5,2.9,1.7,25.3,34.7,1.3,3.4,4.5,1.7,49,58,96.1,85.7,8,10,2996,24.1,5615,28.7,50.7,4.58,17.2,10733,13.7,62.2,16.8,21.8,2895,95.6,9505.08,4.3,34.6,12.7,64.8,67.06,240.24,975821,1545815,2266644,49.3,2201029,0.06325,52256,16,,,,,,,1837358,,41.1,2630315,58.9,,,32.8,24.1,15.2,9,5.8,68.2,34.4,54.5,623.8,-14.3,75.8,-5.7,0.58028,0.53299,0.50709,0.48966,0.40458,0.77024,0.25396,0.28964,0.25753,0.17544,0.22776,0.88614
Connect2Health_2023_state.fid-1c4f9cde_18cec2a6f0d_-74ca,state,10,Delaware,2023-03,973764,499.74,97,5,2.2,32.6,95.4,100,100,100,100,100,100,2,97.8,87.6,pctdsgt100000kandlt1gig_hi,55.2,pctusgt100000kandlt1gig_hi,1.2,0,0.2,0.3,0.3,0.2,0.1,0,0.2,1.5,87.6,8.5,97.8,2.2,1.2,0.9,55.2,0,0.1,1.8,0,34.8,0,0.2,5.8,0,14,7,97.8,95.6,10,10,477,17.4,4871,27.3,51.7,3.7,19.8,2748,14.3,61.8,19.4,16.3,725,81.76,7938.04,3.8,32.4,11.8,74.45,48.99,282.2,158408,315500,502971,48.3,470793,0.00857,70348,11.2,,,,,,,175626,,18,798138,82,,,36.4,28.4,20.9,7.1,10.9,45.2,103.4,134.7,945,6,220.6,-12.4,0.66284,0.64213,0.70922,0.35862,0.79389,0.3371,0.61267,0.56832,0.38693,0.29235,0.51387,0.4136
Connect2Health_2023_state.fid-1c4f9cde_18cec2a6f0d_-74c9,state,11,District of Columbia,2023-03,705749,11560.2,90,5,1.9,7,30.2,89.3,99.8,100,100,100,100,3,98.1,55.5,pctdsgt100000kandlt1gig_hi,81.2,pctusgt100000kandlt1gig_hi,1.1,0,0,0,0.2,0.2,0.3,0.2,0,0,55.5,42.7,98.1,1.9,1.1,0.3,81.2,0,0.5,0.1,8.3,8.5,0,0,0,0,27,8,98.1,,10,10,868,15.4,5032,17.4,52.6,3.28,23.5,3631,20.9,81.6,12.4,14.7,826,85.51,7955.66,5.5,24,8.1,117.04,122.99,514.49,103651,169380,371038,47.4,334711,0.01462,90395,14.1,,,,,,,0,,0,705749,100,,,36.1,28,20.4,6.4,13.6,32.6,165.4,259,2450,128.6,216.3,-18.3,0.65596,0.63198,0.69149,0.31034,1,0.09981,0.9358,1,0.99329,1,0.50536,0
Connect2Health_2023_state.fid-1c4f9cde_18cec2a6f0d_-74c8,state,22,Louisiana,2023-03,4648794,107.6,76,4,11.5,46.4,85.4,97.7,99.9,100,100,100,100,2,89.8,58.5,pctdsgt1gig_hi,41.4,pctusgt25000kandlt50000k_hi,2.2,0,0.2,0.1,0.4,0.3,4.5,2.4,1.7,2.8,26.8,58.5,88.5,11.5,2.2,1.2,0.7,4.8,6.1,3.7,24,41.4,0.2,1.6,13.7,0.3,45,34,90.5,64.1,8,11,2614,21.1,5651,28,51.2,4.32,19.7,14140,15.8,56.8,15.9,21.4,3179,89.62,9516.02,4.8,36.3,13,68.38,56.23,304.16,995947,1687512,2381744,48.8,2267050,0.08658,51108,18.8,,,,,,,1250495,,26.9,3398299,73.1,,,23.8,9.2,3.8,3.2,3.7,68.3,61.9,124.4,660,60,164.3,-8.4,0.37385,0.15482,0.10284,0.08966,0.24427,0.77213,0.39696,0.53247,0.27211,0.60421,0.40265,0.69142
Connect2Health_2023_state.fid-1c4f9cde_18cec2a6f0d_-74c7,state,23,Maine,2023-03,1344212,43.58,94,5,4.4,57.1,94.4,99.7,100,100,100,100,100,1,97.6,86.4,pctdsgt100000kandlt1gig_hi,83.1,pctusgt25000kandlt50000k_hi,0.2,0,0.5,0.1,0.5,0.1,0.4,0.6,2.8,2.9,86.4,5.4,95.6,4.4,0.2,0.1,3.3,1.3,3.6,4.2,2.6,83.1,0.3,0.3,0.4,0.7,25,23,96.2,93.1,8,10,906,19.4,3447,20.8,51,4.19,22,6653,14.3,68.3,21.2,17.1,1488,93.03,7020.76,3,29.8,10.4,110.7,67.4,494.94,229465,400575,686100,49,658112,0.03531,58824,10.9,,,,,,,835138,,62.1,509074,37.9,,,28.4,24.8,18.7,8.1,5.3,40.3,123.6,172.5,713,24.6,341.7,-8.6,0.47936,0.55076,0.63121,0.42759,0.36641,0.24482,0.71816,0.69969,0.29348,0.39997,0.75306,0.67936
Connect2Health_2023_state.fid-1c4f9cde_18cec2a6f0d_-74c6,state,24,Maryland,2023-03,6045680,622.8,90,5,2.6,25.8,87.8,99.6,100,100,100,100,100,2,97.4,90.7,pctdsgt100000kandlt1gig_hi,62,pctusgt100000kandlt1gig_hi,1.7,0,0.2,0.1,0.3,0.1,0.1,0.1,1,0.3,90.7,5.3,97.4,2.6,1.7,0.5,62,0.9,0.4,4.4,0.6,28,0.1,0.5,0.9,0,42,32,97.5,93,10,10,4801,12.6,4134,21.9,51.6,3.37,15.4,16618,16.2,69.8,15.9,15.2,5352,81.91,7197.71,3.6,31.6,11.1,88.53,79.41,274.87,917397,1910435,3116815,48.4,2928865,0.10355,86644,9.1,,,,,,,813910,,13.5,5231770,86.5,,,33.2,29.5,21.9,10.4,7.1,39.5,142.3,163.4,1268.7,55.2,136.7,-6.6,0.58945,0.67005,0.74468,0.58621,0.50382,0.22976,0.81555,0.66796,0.51737,0.57664,0.34809,0.81956
Connect2Health_2023_state.fid-1c4f9cde_18cec2a6f0d_-74c5,state,25,Massachusetts,2023-03,6892503,883.65,92,5,2.1,44.3,79.9,95.6,99.6,100,100,100,100,2,97.9,86.8,pctdsgt100000kandlt1gig_hi,52.6,pctusgt100000kandlt1gig_hi,1.2,0,0.1,0.1,0.3,0.1,0.2,0.2,0,0.6,86.8,10.5,97.9,2.1,1.2,0.5,52.6,0,0.4,0,0.5,43.5,0,0.5,0.8,0,39,24,98,93.2,10,10,7410,13.7,4764,20,51.5,3.5,23.5,45080,17.5,73.6,17,13.5,7133,68.14,5609.69,2.9,25,8.7,103.49,107.51,654.04,931771,1723126,3546935,48.5,3345568,0.29844,85700,9.5,,,,,,,554141,,8,6338362,92,,,31.1,27.9,23.3,4.5,7.7,33.3,117.5,136.4,959.1,25,108.1,-5.9,0.54128,0.62944,0.79433,0.17931,0.54962,0.11299,0.68621,0.57433,0.39261,0.40219,0.29167,0.86779
Connect2Health_2023_state.fid-1c4f9cde_18cec2a6f0d_-74c4,state,26,Michigan,2023-03,9986857,176.62,80,5,4.4,26.9,64.2,93.4,98.3,99.8,100,100,100,2,96.1,55.6,pctdsgt100000kandlt1gig_hi,48.2,pctusgt25000kandlt50000k_hi,0.8,0.1,0.1,0.1,0.1,0.2,1,1.6,3.2,1.1,55.6,36.1,95.6,4.4,0.8,0.6,1.1,4.7,1.9,2,23.5,48.2,0.5,1.9,14.5,0.4,61,70,96.7,85.6,8,10,7637,20.1,4789,23.1,50.7,4.31,20.9,28098,14.7,68,17.7,18.3,7895,77.64,7535.14,4.1,32.4,11,79.05,76.47,281.35,1831800,3235742,5068329,49.3,4918528,0.18216,59522,12.9,,,,,,,2568448,,25.7,7418409,74.3,,,24.7,18.6,12.1,5.8,6.8,54.4,63.6,121.4,1000,45,94.3,-6.2,0.3945,0.3934,0.39716,0.26897,0.48092,0.51036,0.40566,0.52218,0.40909,0.51763,0.26436,0.84851
Connect2Health_2023_state.fid-1c4f9cde_18cec2a6f0d_-74c3,state,27,Minnesota,2023-03,5639632,70.82,83,5,3.9,30.1,85.8,97.9,99.7,100,100,100,100,2,96.8,52.4,pctdsgt100000kandlt1gig_hi,45.8,pctusgt25000kandlt50000k_hi,0.5,0,0.1,0.1,0.1,0.6,1.1,0.7,2.6,3.8,52.4,37.9,96.1,3.9,0.5,0.4,5,3.6,1.7,5.7,24.7,45.8,0.1,1.6,8.9,2.1,69,89,97.4,87.9,8,10,4215,15.5,5826,19.6,50.2,3.14,23.2,15068,13.2,75.3,16.3,12.9,5022,66.93,5314.26,3.2,29,8.5,89.05,74.74,267.18,727000,1635493,2829821,49.8,2809811,0.09294,74529,8.9,,,,,,,1510636,,26.8,4128996,73.2,,,12.4,7.1,3.2,3.1,2.1,30.2,37.8,34,357.1,3.3,90.9,-5.9,0.11239,0.10152,0.08156,0.08276,0.12214,0.05461,0.2714,0.21834,0.15009,0.27713,0.25769,0.86872
Connect2Health_2023_state.fid-1c4f9cde_18cec2a6f0d_-74c2,state,28,Mississippi,2023-03,2976149,63.39,66,4,18.9,43.9,69.1,96.3,99.8,100,100,100,100,2,84.2,55.8,pctdsgt1gig_hi,43.7,pctusgt1gig_hi,5.1,0.1,0.3,0.4,0.3,1.3,6,2.4,4.4,3.8,20.2,55.8,81.1,18.9,5.1,4.1,0.8,5,9.3,2.3,43.7,6.3,0.8,5.4,17,0.2,30,27,81.5,65.1,11,11,1451,21,5702,30.4,51.5,4.45,14.8,5033,15.4,59.9,16.4,22.1,1580,88.29,10442.03,5.4,39.1,14.6,53.09,48.75,169.11,656532,1163674,1533857,48.5,1442292,0.02422,45928,19.5,,,,,,,1512846,,50.8,1463303,49.2,,,12.2,6.5,2.6,3.2,1.6,64.2,10.9,85.7,225,39.1,433.3,-4.2,0.1078,0.08629,0.06028,0.08966,0.08397,0.69492,0.13157,0.39812,0.09685,0.48375,0.93415,0.99084
Connect2Health_2023_state.fid-1c4f9cde_18cec2a6f0d_-74c1,state,29,Missouri,2023-03,6137428,89.26,78,4,9.2,30.9,61.5,91,98.4,100,100,100,100,2,92.7,43.5,pctdsgt1gig_hi,36.2,pctusgt25000kandlt50000k_hi,0.8,0,1,0.1,0.1,0.3,2.3,2.6,8.3,2.9,38,43.5,90.8,9.2,0.8,0.5,2.9,4.1,4.8,3.8,30.3,36.2,1,3.1,12,0.3,64,83,93.8,71.5,8,11,3670,20.1,4638,25.5,50.9,4.25,20.5,12502,13.3,66.8,17.3,19.5,4309,91.25,8421.91,3.3,32.5,11.4,70.21,59.8,203.7,1194227,1994664,3124766,49.1,3012662,0.07536,57375,12.9,,,,,,,1843625,,30,4293803,70,,,23.9,16.5,10.5,4.4,5.4,54.4,40.6,57.1,650,-10.2,25.6,-6.7,0.37615,0.3401,0.34043,0.17241,0.37405,0.51036,0.28603,0.29886,0.26808,0.199,0.12864,0.81463
Connect2Health_2023_state.fid-1c4f9cde_18cec2a6f0d_-74c0,state,30,Montana,2023-03,1068778,7.34,81,5,11.6,47.8,82.1,93.8,97.9,99.9,100,100,100,2,90.5,62,pctdsgt100000kandlt1gig_hi,52.6,pctusgt25000kandlt50000k_hi,2.3,0.3,0.4,0.1,0.6,0.7,2.2,3,14.9,5.8,62,7.8,88.4,11.6,2.3,1,8.8,5.4,5.5,1.6,5.2,52.6,4.4,7.9,4.8,0.5,34,36,91.2,76.6,8,10,788,18.9,3023,21.7,49.7,3.63,21.9,3385,14.7,68.4,19.3,14.1,857,92.87,7120.62,3.5,27.1,8.9,80.19,73.73,316.72,150305,289639,530712,50.3,538066,0.01294,57248,12.6,,,,,,,494622,,46.3,574156,53.7,,,12.7,5.3,1.1,2.6,1.5,46.1,-3.8,-13.1,-15.4,-44.7,Unavailable,-4.4,0.11927,0.05584,0.00709,0.04828,0.07634,0.35405,0.05508,0.0548,0,0,Unavailable,0.97836
Connect2Health_2023_state.fid-1c4f9cde_18cec2a6f0d_-74bf,state,31,Nebraska,2023-03,1934408,25.18,81,5,9.2,40.1,82,98.8,100,100,100,100,100,2,92.6,62.1,pctdsgt1gig_hi,39.4,pctusgt25000kandlt50000k_hi,0.1,0,0.3,0,0.6,0.4,1.2,4.8,4.6,4.2,21.6,62.1,90.8,9.2,0.1,0,5.3,3.3,3,2.1,31.3,39.4,0.5,6.3,6.6,2,43,58,96.9,70.3,8,11,1521,16.6,3475,22.7,50,3.21,23.7,5345,12.6,72.1,16.2,13.8,1473,59.98,6148.51,3,33.4,10,76.15,78.63,276.31,266844,646092,967959,50,966449,0.02636,63290,9.9,,,,,,,522234,,27,1412174,73,,,7.5,3.1,1.1,2,0.5,48,5.6,6.9,83.3,-13,Unavailable,-4.6,0,0,0.00709,0.0069,0,0.38983,0.10411,0.12431,0.03977,0.18261,Unavailable,0.96322
Connect2Health_2023_state.fid-1c4f9cde_18cec2a6f0d_-74be,state,32,Nevada,2023-03,3080156,28.05,88,5,5.8,34.4,83,99.9,100,100,100,100,100,2,94.5,72.2,pctdsgt1gig_hi,64.2,pctusgt25000kandlt50000k_hi,2.3,0,0,0.1,0,1,1.1,1,0.6,2.9,18.8,72.2,94.2,5.8,2.3,0.3,1.9,2.4,1.8,4.5,19.2,64.2,0.6,0.1,2.5,0.3,37,29,95.7,51.9,8,11,1943,15.7,4245,22.5,49.8,4.23,17.9,6751,18.8,58.5,16.1,19.1,1772,77.93,7136.06,3.9,27.1,10.5,57.53,63.08,219.18,588428,834722,1535329,50.2,1544827,0.03598,63268,12.7,,,,,,,225313,,7.3,2854843,92.7,,,21,12.7,2.3,8.1,3.2,47.4,1,-14.2,91.7,-30.2,100,-4,0.30963,0.24365,0.04965,0.42759,0.20611,0.37853,0.0798,0.05106,0.04313,0.08374,0.27565,1
Connect2Health_2023_state.fid-1c4f9cde_18cec2a6f0d_-74bd,state,33,New Hampshire,2023-03,1359711,151.88,97,5,3.6,46.8,98.5,100,100,100,100,100,100,2,97.9,57.1,pctdsgt100000kandlt1gig_hi,65,pctusgt25000kandlt50000k_hi,0.4,0,0.6,0.1,0,0.1,0.4,0.3,2,1.4,57.1,37.4,96.4,3.6,0.4,0.1,5.6,0.4,2.8,1.3,21,65,0.1,0.1,3.2,0,17,10,96.7,93.1,8,10,1044,16.6,3844,20.8,50.4,3.55,20.2,4376,14.5,70.8,18.7,12.8,1233,88.53,6373.75,2.5,28.6,9.6,90.68,76.78,321.83,174652,388877,685918,49.6,673793,0.01972,78571,7.5,,,,,,,541515,,39.8,818196,60.2,,,35.6,32.6,28.7,4.7,2.6,35.2,117.1,147,617.5,-23,-39.5,-7.6,0.6445,0.74873,0.98582,0.1931,0.16031,0.14878,0.68408,0.61091,0.25498,0.12542,0,0.74992
Connect2Health_2023_state.fid-1c4f9cde_18cec2a6f0d_-74bc,state,34,New Jersey,2023-03,8882190,1207.77,95,5,0.7,30.8,96.3,100,100,100,100,100,100,2,99.3,91.4,pctdsgt100000kandlt1gig_hi,62,pctusgt100000kandlt1gig_hi,0.5,0,0,0,0,0,0,0,0,0,91.4,7.8,99.3,0.7,0.5,0.1,62,0.8,0.1,1.3,7.2,28,0,0,0,0,35,17,99.3,98.2,10,10,7823,13.2,4333,26.6,51.1,3.73,16,21393,21.2,69.9,16.6,15.5,7553,59.93,5914.73,3.6,27,9.9,85.04,88.08,240.85,1379696,2398191,4541603,48.9,4340587,0.13625,85786,9.1,,,,,,,464112,,5.2,8418078,94.8,,,26.8,21.1,15.4,4.8,10.8,31.8,111,229.7,2466.7,65.5,248.4,-8.6,0.44266,0.45685,0.51418,0.2,0.78626,0.08475,0.65259,0.89826,1,0.63606,0.56879,0.67909
Connect2Health_2023_state.fid-1c4f9cde_18cec2a6f0d_-74bb,state,36,New York,2023-03,19453561,412.8,87,5,0.9,24.9,78.9,92.8,97.5,99.2,100,100,100,2,99.1,75,pctdsgt100000kandlt1gig_hi,48.3,pctusgt100000kandlt1gig_hi,0.2,0,0,0,0.1,0.1,0.2,0.1,0.1,0,75,23.9,99.1,0.9,0.2,0.2,48.3,0.1,0.4,0.1,20.2,29.7,0,0.2,0.6,0.1,66,56,99.2,92.7,10,10,16575,13,4043,23.4,51.4,3.56,19.2,59204,23.5,68.7,16.9,16.3,16366,50.46,5406.33,4,26.4,10.1,84.13,85.2,304.34,3161740,5135740,10005715,48.6,9447846,0.39516,72038,13.1,,,,,,,2345472,,12.1,17108089,87.9,,,17.6,14.4,9.2,4.9,6.2,31.9,74.3,94.6,820,19.5,138.5,-8.3,0.23165,0.2868,0.29433,0.2069,0.43511,0.08663,0.46125,0.42897,0.33657,0.37052,0.35163,0.69926
Connect2Health_2023_state.fid-1c4f9cde_18cec2a6f0d_-74ba,state,37,North Carolina,2023-03,10488084,215.72,87,5,4.6,38.8,93,99.8,100,100,100,100,100,2,96.2,53.4,pctdsgt100000kandlt1gig_hi,46.4,pctusgt25000kandlt50000k_hi,0.4,0,0.5,0.2,0.1,0.4,1.7,0.6,1,1,53.4,40.8,95.4,4.6,0.4,0.5,4.7,1.4,3.6,1.5,34.4,46.4,0.3,0.9,5.3,0.7,48,54,95.5,86.4,8,10,6106,17.9,4539,23.3,51.4,3.6,17.6,26976,15.1,67.4,16.7,18,7391,77.34,7644.19,3.9,32.3,11.5,70.47,58.22,257.21,1886724,3387651,5387820,48.6,5100264,0.17448,57388,13.6,,,,,,,3491989,,33.3,6996095,66.7,,,20.9,16.7,9.9,5.7,5.5,52.8,62,89.8,518.8,-3.4,243.8,-6.9,0.30734,0.34518,0.31915,0.26207,0.38168,0.48023,0.39754,0.41222,0.2152,0.23833,0.55963,0.80138
Connect2Health_2023_state.fid-1c4f9cde_18cec2a6f0d_-74b9,state,38,North Dakota,2023-03,762062,11.04,86,5,4.7,59.4,86.1,96.9,100,100,100,100,100,1,95.7,90.8,pctdsgt1gig_hi,31,pctusgt1gig_hi,2.5,0,0.4,0.4,0.2,0.1,0.5,0.2,0.8,2.9,1.2,90.8,95.3,4.7,2.5,0.4,12.7,1.7,1.7,28.6,31,1.8,0.2,0.7,18.6,0,17,26,95.3,91.9,11,11,506,19.7,4037,23.1,48.8,3.18,23.7,1496,11.6,73.3,15.7,13.6,585,70.54,6649.91,2.4,33.9,9.4,76.77,66.4,196.31,103893,258339,372030,51.2,390032,0,67402,10.5,,,,,,,344768,,45.2,417294,54.8,,,10,5.7,1.5,2.9,0.9,36.7,177.8,147.8,Unavailable,93.3,Unavailable,-5.4,0.05734,0.06599,0.02128,0.06897,0.03053,0.17702,1,0.61389,Unavailable,0.79661,Unavailable,0.90428
Connect2Health_2023_state.fid-1c4f9cde_18cec2a6f0d_-74b8,state,39,Ohio,2023-03,11689100,286.06,81,5,3.4,34.8,82.4,99.1,99.9,100,100,100,100,2,97.3,58.4,pctdsgt100000kandlt1gig_hi,54,pctusgt25000kandlt50000k_hi,0.4,0,0.1,0.1,0.1,0.1,1.1,0.9,1.7,1.3,58.4,35.9,96.6,3.4,0.4,0.4,13.2,2.6,1.9,1.7,10.5,54,0.7,2.5,11.5,0.6,70,74,97.4,86.3,8,10,7503,21.4,4901,26.1,51,4.08,18.5,30543,13.7,65.5,17.5,17.8,8969,90.9,8545.49,4.1,33.5,12.2,76.73,64.19,261.29,2077114,3915849,5958538,49,5730562,0.1989,58704,13,,,,,,,2590183,,22.2,9098917,77.8,,,37.9,31.6,23.8,6.5,9.5,47.4,93.4,135.8,981.8,14,39.7,-6.7,0.69725,0.72335,0.81206,0.31724,0.68702,0.37853,0.5607,0.57218,0.40177,0.3389,0.15654,0.8144
Connect2Health_2023_state.fid-1c4f9cde_18cec2a6f0d_-74b7,state,40,Oklahoma,2023-03,3956971,57.65,73,4,13.8,46.4,81.7,97.3,99.9,100,100,100,100,2,87.2,69.1,pctdsgt1gig_hi,29.5,pctusgt25000kandlt50000k_hi,1.9,0.1,1.5,0.7,0.5,1.9,1.9,4.4,6.2,5.3,6.6,69.1,86.2,13.8,1.9,1.1,3.6,2.1,5.5,10.2,21.9,29.5,5,1.4,12.2,5.6,61,63,91.6,67.3,8,11,2462,19.9,4781,27.8,50.5,4.5,14.9,16219,14,59.5,16.1,20.9,2401,94.38,9106.32,3.3,34.5,12.3,60.68,62.22,409.88,825300,1365155,1996313,49.5,1960658,0.10082,54447,15.1,,,,,,,1360536,,34.4,2596435,65.6,,,19.1,9.6,2.4,6.3,1.7,59.3,-4.5,-28.9,0,-44.2,240,-10.2,0.26606,0.16497,0.05319,0.30345,0.0916,0.60264,0.05137,0,0.0062,0.0025,0.55222,0.57164
Connect2Health_2023_state.fid-1c4f9cde_18cec2a6f0d_-74b6,state,41,Oregon,2023-03,4217737,43.94,86,5,5.8,24,81.7,96.2,99.9,100,100,100,100,2,95,62.7,pctdsgt100000kandlt1gig_hi,34.6,pctusgt25000kandlt50000k_hi,1.2,0,1.1,0.1,0.1,0.1,1.4,1.2,3.4,1.4,62.7,27.4,94.2,5.8,1.2,0.4,21.2,3.9,3,7.4,23.7,34.6,0.4,2.4,1.6,0.4,54,57,95.5,77.4,8,10,3489,15.7,2799,17.3,50.4,4.65,19.5,23240,19.1,69.9,18.2,18.2,3947,75.29,5918.71,3.7,29.3,9.7,93.58,82.72,551.01,767213,1235797,2127010,49.6,2090727,0.14889,66955,11.5,,,,,,,871747,,20.7,3345990,79.3,,,12.6,7.9,1.8,3.7,3.1,45.6,0,-9.2,157.1,-27.5,3.3,-7.1,0.11697,0.12183,0.03191,0.12414,0.19847,0.34463,0.07479,0.06841,0.06951,0.09945,0.08469,0.78384
Connect2Health_2023_state.fid-1c4f9cde_18cec2a6f0d_-74b5,state,42,Pennsylvania,2023-03,12801989,286.12,83,5,4.3,43.1,95.6,99.9,100,100,100,100,100,2,96,76.5,pctdsgt100000kandlt1gig_hi,45.4,pctusgt25000kandlt50000k_hi,1,0,0.2,0.6,0.2,0.2,0.7,1,0.5,0.5,76.5,18.5,95.7,4.3,1,1.2,43.8,1.3,1.9,2.2,1.9,45.4,0,0.3,0.6,0.3,61,51,95.9,85.9,8,10,9094,17.9,4464,22,51,3.96,20.2,28178,14.7,65.6,18.7,17.6,10371,88.96,7451.21,4.4,30.8,11,81.01,71.04,220.11,2251883,3943013,6527628,49,6274361,0.18271,63455,12,,,,,,,2730877,,21.3,10071112,78.7,,,36,19.9,14.7,5.1,6.8,43.1,91.5,184.3,1370,45.7,151.9,-8.3,0.65367,0.4264,0.48936,0.22069,0.48092,0.29755,0.55093,0.74054,0.55816,0.52175,0.37808,0.70174
Connect2Health_2023_state.fid-1c4f9cde_18cec2a6f0d_-74b4,state,45,South Carolina,2023-03,5148714,171.27,85,5,9.4,43.3,90.5,98.9,99.9,100,100,100,100,2,91.8,54.2,pctdsgt100000kandlt1gig_hi,41.2,pctusgt25000kandlt50000k_hi,2.7,0.1,0.3,0.2,0.3,0.8,2.8,1,2.4,2.1,54.2,33.2,90.6,9.4,2.7,1.8,7.1,2.7,4.8,6.5,21.9,41.2,0.2,4.3,6.4,0.3,25,28,90.8,77.2,8,10,2914,18.7,4295,26,51.6,4.01,17.8,9424,14.5,63.2,18.2,17.8,3404,88.45,8743.53,2.8,34,13.3,66.11,56.6,183.04,917499,1750563,2655575,48.4,2493139,0.05429,56360,13.9,,,,,,,1756600,,34.1,3392114,65.9,,,19.9,15,7.9,7.3,3.2,56.6,46.3,130.8,507.7,49,433.3,-6.3,0.2844,0.30203,0.24823,0.37241,0.20611,0.55179,0.31587,0.55463,0.21074,0.5406,0.93415,0.84258
Connect2Health_2023_state.fid-1c4f9cde_18cec2a6f0d_-74b3,state,46,South Dakota,2023-03,884659,11.67,81,5,6.3,37.4,70.6,89.6,96.5,100,100,100,100,2,94.1,64.2,pctdsgt1gig_hi,27.4,pctusgt25000kandlt50000k_hi,1.3,0,0.1,0.1,0.1,0.4,1.6,2.2,5.9,5.4,18.7,64.2,93.7,6.3,1.3,0.4,11.5,4.7,4.2,24.1,13.8,27.4,1.4,1,8.7,1.6,22,43,94.2,86.7,8,11,545,20.2,4189,22,49.5,2.97,24.3,1676,12.2,68.3,17.2,13.4,677,82.24,7328.2,3.3,32.4,10.1,76.53,61.61,189.45,118949,286630,437902,50.5,446757,0.00123,60414,11.9,,,,,,,399112,,45.1,485547,54.9,,,8.5,4.1,1.7,1.9,0.7,39.9,26.9,0,112.5,-42.4,Unavailable,-9.1,0.02294,0.02538,0.02837,0,0.01527,0.23729,0.21461,0.10036,0.05152,0.01302,Unavailable,0.64463
Connect2Health_2023_state.fid-1c4f9cde_18cec2a6f0d_-74b2,state,35,New Mexico,2023-03,2096829,17.28,76,4,14.1,38.1,67.4,99.4,100,100,100,100,100,2,87.3,64.5,pctdsgt100000kandlt1gig_hi,50.7,pctusgt25000kandlt50000k_hi,2.6,0,0.2,0.1,0.2,1.4,4,4.1,3.1,5.7,64.5,14,85.9,14.1,2.6,0.5,4.1,5.8,6.9,5.9,6.5,50.7,0.9,6.9,7.8,1.4,28,34,89.9,55.8,8,10,1459,15.9,2894,19,50.5,4.25,16.7,8462,17.3,60.5,18,20.3,1569,108.3,9091.96,4.9,27.3,9.5,74.83,69.58,403.56,424693,572434,1059397,49.5,1037432,0.0477,52021,17.5,,,,,,,509391,,24.3,1587438,75.7,,,26.5,17.8,4.6,8.9,8,40.5,6.4,20.3,187.5,-8.2,86,-6.7,0.43578,0.3731,0.13121,0.48276,0.57252,0.24859,0.10823,0.17077,0.08174,0.21029,0.24809,0.81516
Connect2Health_2023_state.fid-1c4f9cde_18cec2a6f0d_-74b1,state,44,Rhode Island,2023-03,1059361,1024.7,91,5,1.4,12,99.5,100,100,100,100,100,100,2,98.6,97.8,pctdsgt1gig_hi,84.6,pctusgt100000kandlt1gig_hi,1.1,0.1,0,0,0.2,0,0,0,0,0,0.8,97.8,98.6,1.4,1.1,0.3,84.6,0,0,0,0.1,13.8,0,0,0,0,13,4,98.6,97.8,10,11,696,15.2,3969,23.5,51.3,3.88,19.7,4493,18,66.8,17.7,16.5,1051,79.86,6015.59,3.6,28.5,10.1,99.21,65.7,424.12,174896,301918,543686,48.7,515675,0.02052,70383,11.6,,,,,,,98169,,9.3,961192,90.7,,,30,25.3,18.5,8.7,2.5,36.5,54.6,69.8,585.2,4.8,-28.6,-9.4,0.51606,0.56345,0.62411,0.46897,0.15267,0.17326,0.35915,0.34283,0.24197,0.28571,0.02166,0.62233
Connect2Health_2023_state.fid-1c4f9cde_18cec2a6f0d_-74b0,state,47,Tennessee,2023-03,6829174,165.61,79,4,7.2,31.7,84.9,98.8,99.9,100,100,100,100,2,93.4,45,pctdsgt100000kandlt1gig_hi,39.9,pctusgt1gig_hi,2,0.1,0.3,0.2,0.1,0.3,2.5,1.1,2.5,1.2,45,44.7,92.8,7.2,2,0.8,3.4,2.6,4.1,2.9,39.9,39.9,1.4,1.1,1.7,0.2,61,72,93,81.8,11,10,3791,20.8,4915,27.2,51.2,4.72,17.1,10769,14.2,61.4,16.7,21.2,4849,92.48,9355.47,3.4,33.3,12.5,71,55.51,157.69,1446144,2274115,3496935,48.8,3332239,0.0635,56047,13.8,,,,,,,2315707,,33.9,4513467,66.1,,,26.4,19.4,10,9.4,4.8,68.5,47.5,70.2,614.3,8,380,-8.2,0.43349,0.41371,0.3227,0.51724,0.32824,0.77589,0.32192,0.34414,0.25369,0.30434,0.82879,0.71023
Connect2Health_2023_state.fid-1c4f9cde_18cec2a6f0d_-74af,state,48,Texas,2023-03,28995881,110.92,83,5,5.3,22.7,65.3,85.3,98.2,99.8,100,100,100,2,95.3,44.2,pctdsgt100000kandlt1gig_hi,33.9,pctusgt1gig_hi,1.4,0,0.1,0.1,0.2,0.3,1.1,1.6,2.4,4.7,44.2,43.9,94.7,5.3,1.4,0.6,8.1,1.9,1.7,1.8,33.9,33,0.7,1.8,14.2,0.8,130,142,96.3,78.1,11,10,17293,14.2,4793,23.2,50.3,3.8,19,35047,17.4,62,12.9,18.7,17476,57.64,6620.16,3.5,31.4,10.2,60.27,59.64,120.87,5434747,9104707,14593179,49.7,14402702,0.22974,64044,13.6,,,,,,,4923053,,17,24072828,83,,,10.3,4.9,1.1,2,2.1,37.9,7.3,14,120,-16.7,50,-10,0.06422,0.04569,0.00709,0.0069,0.12214,0.19962,0.11274,0.14883,0.05455,0.1617,0.17688,0.58394
Connect2Health_2023_state.fid-1c4f9cde_18cec2a6f0d_-74ae,state,49,Utah,2023-03,3205958,39.01,89,5,5.2,20.6,51.2,76.4,91.9,97.5,99.7,100,100,2,94.9,54.7,pctdsgt100000kandlt1gig_hi,36.2,pctusgt1gig_hi,2.9,0,0.1,0,0.1,0.5,0.3,1.2,0.9,1.7,54.7,37.6,94.8,5.2,2.9,0.2,12.2,1.6,1.1,1.7,36.2,29.4,0.5,1.2,13,0.1,37,37,95.9,69,11,10,2213,9.1,2341,16.7,49.6,3.55,11.1,10985,13.6,70.7,11.4,14.8,1832,66.92,5881.55,2.6,27,7.5,57.14,69.03,342.64,474724,865609,1591041,50.4,1614917,0.06498,75705,8.8,,,,,,,426555,,13.3,2779403,86.7,,,21.6,15.2,2.8,11.3,4.9,48.4,3.3,-0.7,27.3,-15,58.1,-5.8,0.32339,0.30711,0.06738,0.64828,0.33588,0.39736,0.09222,0.09809,0.01719,0.1711,0.19281,0.8745
Connect2Health_2023_state.fid-1c4f9cde_18cec2a6f0d_-74ad,state,50,Vermont,2023-03,623989,67.7,94,5,8,47.4,91.7,99.8,100,100,100,100,100,2,96.2,68.6,pctdsgt100000kandlt1gig_hi,63.8,pctusgt25000kandlt50000k_hi,0,0,0.5,0.1,0,0.4,1.7,0.9,6.1,4.6,68.6,17,92,8,0,0.5,4.5,1.3,7.1,4,17,63.8,0.2,0.8,0.3,0.4,20,18,92.3,87.8,8,10,457,14.7,3256,18.4,50.6,3.66,20.5,3001,17,68.7,20,12.8,702,85.58,6277.23,2.4,27,8.8,112.5,73.24,480.94,79640,168477,315673,49.4,308316,0.01031,63293,10.1,,,,,,,384260,,61.6,239729,38.4,,,22.5,19,13.5,5.4,8.3,34.8,80,102.1,513.6,-6.9,232,-5.7,0.34404,0.40355,0.44681,0.24138,0.59542,0.14124,0.49114,0.45513,0.21314,0.21809,0.53642,0.88472
Connect2Health_2023_state.fid-1c4f9cde_18cec2a6f0d_-74ac,state,51,Virginia,2023-03,8535519,216.28,84,5,6.2,37.9,88.5,99.4,100,100,100,100,100,2,94.1,47.6,pctdsgt100000kandlt1gig_hi,48,pctusgt100000kandlt1gig_hi,2.2,0,0.6,0.2,0.6,0.5,0.8,0.9,2.9,1.2,47.6,42.4,93.8,6.2,2.2,1.2,48,5.9,2.5,1.2,1.8,32.1,1.6,0.9,2.3,0.4,70,66,94.1,80.5,10,10,6057,15.1,4269,22.2,50.8,3.54,17.7,16061,14.6,71.1,15.9,16.6,6428,64.67,6375.9,2.8,30.5,10.7,75.31,70.96,188.17,1417438,2603333,4335262,49.2,4200257,0.09973,76471,9.9,,,,,,,2109250,,24.7,6426269,75.3,,,16.5,13.5,8.7,4.1,5.8,37.6,73.7,90.1,569.2,-6.8,222.2,-7.6,0.20642,0.26396,0.2766,0.15172,0.40458,0.19397,0.45827,0.41349,0.23554,0.21854,0.5171,0.74956
Connect2Health_2023_state.fid-1c4f9cde_18cec2a6f0d_-74ab,state,53,Washington,2023-03,7614893,114.58,89,5,4.1,25.6,75,94.8,99.8,100,100,100,100,2,96.5,67.5,pctdsgt100000kandlt1gig_hi,48.3,pctusgt25000kandlt50000k_hi,1.1,0,0.5,0.1,0.1,0.1,1.1,0.5,2.9,1,67.5,25.1,95.9,4.1,1.1,0.6,18.3,5,2,2,20.1,48.3,0.3,0.8,1.1,0.3,66,69,96.3,82.2,8,10,6354,12.1,2853,16.4,49.9,3.74,17.1,30397,17,70.9,15.9,15,6364,66.88,5614.14,4.3,28.6,9.3,83.57,83.44,399.18,1143664,2177859,3802910,50.1,3811983,0.1979,78674,9.8,,,,,,,1338272,,17.6,6276621,82.4,,,15,9.6,2.3,4.2,4.1,39.5,11.1,3.2,187.5,-31.1,64,-7.5,0.17202,0.16497,0.04965,0.15862,0.27481,0.22976,0.13262,0.11156,0.08174,0.07811,0.20453,0.75816
Connect2Health_2023_state.fid-1c4f9cde_18cec2a6f0d_-74aa,state,54,West Virginia,2023-03,1792147,74.55,75,4,15.3,61.4,91.1,98.9,100,100,100,100,100,1,87.1,42.3,pctdsgt100000kandlt1gig_hi,30,pctusgt25000kandlt50000k_hi,1,0,1.2,0.2,0,0.6,4.8,5,4,1.6,42.3,39.2,84.7,15.3,1,0.2,3.3,11.4,13.8,1.6,4.2,30,0.9,1.7,29.9,2,34,30,85,74,8,10,1018,26.9,5748,28,50.5,5.3,14.4,2469,11.2,55.7,20.5,23.6,1413,124.34,10785.8,4.9,37.8,15.1,78.84,56.8,137.77,422697,677432,904377,49.5,887770,0.00666,48659,16.2,,,,,,,913581,,51,878566,49,,,51.1,42.5,29.1,16.4,12.5,53.7,55.3,48.1,401.7,-27.8,140.4,-9.6,1,1,1,1,0.91603,0.49718,0.36269,0.26739,0.16805,0.0977,0.35543,0.61063
Connect2Health_2023_state.fid-1c4f9cde_18cec2a6f0d_-74a9,state,55,Wisconsin,2023-03,5822434,107.51,82,5,7.4,35.4,92.3,99.7,100,100,100,100,100,2,93.9,67.5,pctdsgt100000kandlt1gig_hi,65.1,pctusgt25000kandlt50000k_hi,0.2,0.1,0.5,0.1,0.3,0.3,3,1.5,4.8,3.2,67.5,18.4,92.6,7.4,0.2,0.5,4.5,1.7,5.8,1.9,14.3,65.1,1.2,2.5,0.7,1.6,52,71,93.5,76,8,10,4138,17.2,3747,20.3,50.2,3.68,27.1,12371,14,69.6,17.5,14.8,4589,83.93,6322.81,3.3,31.7,9.5,78.82,71.07,212.47,860216,1845712,2925225,49.8,2897209,0.07447,64177,10.4,,,,,,,1762561,,30.3,4059873,69.7,,,19.3,15.2,7.5,5.7,6.3,39.6,47.3,65.2,525,9.6,85.3,-6.8,0.27064,0.30711,0.23404,0.26207,0.44275,0.23164,0.3211,0.32691,0.21772,0.31339,0.2466,0.80523
Connect2Health_2023_state.fid-1c4f9cde_18cec2a6f0d_-74a8,state,56,Wyoming,2023-03,578759,5.96,83,5,10.8,35.6,69.5,94.8,99.6,100,100,100,100,2,89.6,55.8,pctdsgt100000kandlt1gig_hi,30.7,pctusgt25000kandlt50000k_hi,4.3,0,0.3,0.2,1,0.5,3.1,1,3.3,6.2,55.8,24.3,89.2,10.8,4.3,0.7,21.1,9.8,2.6,2.9,19.9,30.7,1,5,0.9,1.1,25,26,92.5,72.2,8,10,400,19.2,3421,23.1,49.1,3.49,20.1,1998,11.9,66.5,17.1,15.3,394,95.07,7235.82,3.6,29.2,9,68.08,69.11,345.22,88317,168998,284029,50.9,294730,0.00344,66152,9.9,,,,,,,221122,,38.2,357637,61.8,,,14.3,8.1,2,5,1.2,46.7,-14.4,-2.4,53.8,-12.3,Unavailable,-6,0.15596,0.1269,0.03901,0.21379,0.05344,0.36535,0,0.09199,0.02789,0.18701,Unavailable,0.86049
